{
  "project_info": {
    "project_number": "320703581953",
    "project_id": "my-crypto-trade",
    "storage_bucket": "my-crypto-trade.appspot.com"
  },
  "client": [
    {
      "client_info": {
        "mobilesdk_app_id": "1:320703581953:android:6b4fd039c6741168f55500",
        "android_client_info": {
          "package_name": "com.mycryptotrade"
        }
      },
      "oauth_client": [
        {
          "client_id": "320703581953-lk90buqmcr6sqdm4c064mt7bae7034qu.apps.googleusercontent.com",
          "client_type": 3
        }
      ],
      "api_key": [
        {
          "current_key": "AIzaSyDIe-byajuIrBjL3b3vmO1ztQFdy_UtuR4"
        }
      ],
      "services": {
        "appinvite_service": {
          "other_platform_oauth_client": [
            {
              "client_id": "320703581953-lk90buqmcr6sqdm4c064mt7bae7034qu.apps.googleusercontent.com",
              "client_type": 3
            }
          ]
        }
      }
    }
  ],
  "configuration_version": "1"
}